{"cameraMode":{"drawMode":0,"name":"Shaded","section":"Shading Mode"},"sceneLighting":false,"audioPlay":false,"sceneViewState":{"m_AlwaysRefresh":true,"showFog":true,"showSkybox":false,"showFlares":true,"showImageEffects":true,"showParticleSystems":true,"showVisualEffectGraphs":true,"m_FxEnabled":true},"in2DMode":false,"pivot":{"x":5.459380149841309,"y":-0.7884602546691895,"z":-1.640272855758667},"rotation":{"x":0.00021377214579842985,"y":0.997894287109375,"z":-0.06476390361785889,"w":0.003294240916147828},"size":8.540619850158692,"orthographic":false}