{"cameraMode":{"drawMode":0,"name":"Shaded","section":"Shading Mode"},"sceneLighting":true,"audioPlay":false,"sceneViewState":{"m_AlwaysRefresh":true,"showFog":true,"showSkybox":true,"showFlares":true,"showImageEffects":true,"showParticleSystems":true,"showVisualEffectGraphs":true,"m_FxEnabled":true},"in2DMode":false,"pivot":{"x":2.623375654220581,"y":0.11299968510866165,"z":-3.280545711517334},"rotation":{"x":0.00021377214579842985,"y":0.997894287109375,"z":-0.06476390361785889,"w":0.003294240916147828},"size":7.50963020324707,"orthographic":false}